{"asset":{"type":"application/si-dpo-3d.document+json","version":"1.0","generator":"Voyager"},"scene":0,"scenes":[{"units":"mm","nodes":[0,1,6],"meta":0,"setup":0}],"nodes":[{"translation":[-23.641561,12.3515271,27.0973479],"rotation":[-0.1541893,-0.3462621,-0.057808,0.9235727],"name":"Camera","camera":0},{"rotation":[0,-0.3510545,0,0.936355],"name":"Lights","children":[2,3,4,5]},{"translation":[-8.783957,9.617225,16.1972554],"rotation":[0.4829741,-0.1070728,0.1880998,0.8484633],"scale":[3.4641016,3.4641016,3.4641016],"name":"Key","light":0},{"translation":[15.8282775,9.3576864,9.6901671],"rotation":[0.3546969,0.163893,-0.3861077,0.8356136],"scale":[3.4641016,3.4641016,3.4641016],"name":"Fill #1","light":1},{"translation":[-12.1286776,-15.8609202,5.7729015],"rotation":[0.9374013,-0.3018693,0.0532277,0.1652891],"scale":[3.4641016,3.4641016,3.4641016],"name":"Fill #2","light":2},{"translation":[18.0541663,1.0764251,-10.2415033],"rotation":[0.373256,0.6426073,-0.5786063,0.3360813],"scale":[3.4641016,3.4641016,3.4641016],"name":"Rim","light":3},{"name":"test","model":0}],"cameras":[{"type":"perspective","perspective":{"yfov":52,"znear":0.1520921,"zfar":152.0920719},"autoNearFar":true}],"lights":[{"color":[1,0.95,0.9],"intensity":1,"type":"directional","shadowEnabled":true,"shadowSize":34.6410162},{"color":[0.9,0.95,1],"intensity":0.7,"type":"directional","shadowEnabled":true,"shadowSize":34.6410162},{"color":[0.8,0.85,1],"intensity":0.5,"type":"directional"},{"color":[0.85,0.9078313,1],"intensity":0.6,"type":"directional"}],"models":[{"units":"cm","boundingBox":{"min":[-1,-1,-1],"max":[1,1,1]},"derivatives":[{"usage":"Web3D","quality":"Thumb","assets":[{"uri":"test.glb","type":"Model","mimeType":"model/gltf-binary"}]}]}],"metas":[{"collection":{"titles":{},"intros":{"EN":""}}}],"setups":[{"units":"cm","interface":{"visible":true,"logo":true,"menu":true,"tools":true},"viewer":{"shader":"Default","exposure":1,"gamma":2,"annotationsVisible":false},"reader":{"enabled":false,"position":"Overlay"},"navigation":{"type":"Orbit","enabled":true,"autoZoom":true,"lightsFollowCamera":true,"autoRotation":false,"orbit":{"orbit":[-24,-26,0],"offset":[0,0,150],"minOrbit":[-90,null,null],"maxOrbit":[90,null,null],"minOffset":[null,null,0.1],"maxOffset":[null,null,10000]}},"background":{"style":"RadialGradient","color0":[0.2,0.25,0.3],"color1":[0.01,0.03,0.05]},"floor":{"visible":false,"position":[0,-25,0],"size":50,"color":[0.6,0.75,0.8],"opacity":0.5,"receiveShadow":false},"grid":{"visible":false,"color":[0.5,0.7,0.8]},"tape":{"enabled":false,"startPosition":[0,0,0],"startDirection":[0,0,0],"endPosition":[0,0,0],"endDirection":[0,0,0]},"slicer":{"enabled":false,"axis":"X","inverted":false,"position":0.5}}]}